{
"Go": {
  "mean": 0.0019045566199999999,
  "stddev": 0.0006253161220764441,
  "min": 0.00123132712,
  "max": 0.00289832712
},
"Java": {
  "mean": 0.15192294804,
  "stddev": 0.006032500786319387,
  "min": 0.14303181434,
  "max": 0.15867277334000002
},
"Scala": {
  "mean": 0.35642812172,
  "stddev": 0.044405540108561556,
  "min": 0.32456274632,
  "max": 0.45130737132000004
},
"Elixir": {
  "mean": 0.44833732166000007,
  "stddev": 0.02213851184602828,
  "min": 0.43237475086000005,
  "max": 0.50432579186
},
"Clojure": {
  "mean": 0.5654914117000002,
  "stddev": 0.005843312485510135,
  "min": 0.5570158235000001,
  "max": 0.5762830325000001
},
"C": {
  "mean": 0.0009492108400000008,
  "stddev": 0.0003001815612981214,
  "min": 0.0006881854400000009,
  "max": 0.0015451444400000009
},
"Rust": {
  "mean": 0.5549868843000001,
  "stddev": 0.0036843536382096037,
  "min": 0.5522404057000001,
  "max": 0.5649174467000001
}
}
