{
"Go": {
  "mean": 0.0017303927,
  "stddev": 0.0004393093520012851,
  "min": 0.0011888129999999995,
  "max": 0.002525647
},
"Java": ,
"Scala": ,
"Elixir": ,
"Clojure": {
  "mean": 0.5768799275400001,
  "stddev": 0.013514319627135646,
  "min": 0.56037929834,
  "max": 0.6003674653400001
},
"C": {
  "mean": 0.0009411426,
  "stddev": 0.0004242238709774856,
  "min": 0.0006348089,
  "max": 0.0019375179000000005
},
"Rust": {
  "mean": 0.5668496134200001,
  "stddev": 0.02775478764904748,
  "min": 0.5547783390200001,
  "max": 0.64511217202
}
}
