{
"Go": {
  "mean": 0.0037364807999999998,
  "stddev": 0.001063097082492997,
  "min": 0.0019598225,
  "max": 0.0054930725
},
"Java": {
  "mean": 0.12669780341999998,
  "stddev": 0.0115619507507876,
  "min": 0.11911742002,
  "max": 0.15924912802000002
},
"Scala": {
  "mean": 0.29398757342000004,
  "stddev": 0.025083940905607626,
  "min": 0.27961006982000003,
  "max": 0.34390727782
},
"Elixir": {
  "mean": 0.4006435949999999,
  "stddev": 0.013169256618962588,
  "min": 0.3920683871,
  "max": 0.43642863710000007
},
"Clojure": {
  "mean": 0.5189552892400002,
  "stddev": 0.008003522484018666,
  "min": 0.5080158357400001,
  "max": 0.5292146687400001
},
"Erlang": {
  "mean": 1.19605705606,
  "stddev": 0.003968127982285084,
  "min": 1.19102545616,
  "max": 1.20320583116
},
"C": {
  "mean": 0.0005935881800000007,
  "stddev": 0.00038810934724230043,
  "min": 0.00015958838000000065,
  "max": 0.001200713380000001
},
"Rust": {
  "mean": 0.0011444066000000004,
  "stddev": 0.000282584290959549,
  "min": 0.0009087066000000006,
  "max": 0.0017558316000000004
},
"Haskell": {
  "mean": 0.015492239960000001,
  "stddev": 0.0007634603842839962,
  "min": 0.013914785160000002,
  "max": 0.01626032716
}
}
