{
"Go": {
  "mean": 1.8061283025800001,
  "stddev": 0.024194802935495415,
  "min": 1.7832379524800002,
  "max": 1.8657051194800003
},
"Java": {
  "mean": 0.65631217688,
  "stddev": 0.01626746163392943,
  "min": 0.64538856868,
  "max": 0.6932806106800001
},
"Scala": {
  "mean": 0.8177249183399999,
  "stddev": 0.009751235126316751,
  "min": 0.80875948144,
  "max": 0.84172064744
},
"Elixir": {
  "mean": 0.40946567254,
  "stddev": 0.02433242466478445,
  "min": 0.39191778154,
  "max": 0.47018019754
},
"Clojure": {
  "mean": 0.53449982998,
  "stddev": 0.013585639858018844,
  "min": 0.5156586635800001,
  "max": 0.5627962885800001
},
"C": {
  "mean": 0.54318986082,
  "stddev": 0.011022218925788028,
  "min": 0.52551587302,
  "max": 0.5540249150200001
},
"Rust": {
  "mean": 0.53838057832,
  "stddev": 0.02922491160022743,
  "min": 0.51820408602,
  "max": 0.61575775302
}
}
